uri;L99a;Code langue;Description du jeu de données;Source code langue; Liste des ressources;Libellé du code langue;Modèle conceptuel;Description;Licence;Information pour catalogueur;Créateur;Source;Publication;Ce code langue dans LEXVO;Date de creation;Tous les documents  ISTEX pour ce code langue;Date de modification
"ark:/67375/KM1-03K23J27-C";"Langues de publication";"syr";"Ce jeu correspond au choix de documenter des données ISTEX et plus particulièrement les langues de publication utilisées dans ISTEX. Chaque code langue a fait l’objet d’un alignement avec les services proposés par lexvo.org";"http://www.loc.gov/standards/iso639-2/php/code_list.php";"/api/run/syndication";"syriaque";"https://docs.google.com/drawings/d/1cX_Tro42YlOTYWBR-LkrI6e6nhBxzFZ3oZx9iM3drv8/pub?w=960&h=720";"A macrolanguage of Iraq";"https://www.etalab.gouv.fr/licence-ouverte-open-licence";"";"Inist-CNRS";"https://www.rero.ch/page.php?section=aacr2&pageid=annexe_";"Plateforme ISTEX";"http://lexvo.org/id/iso639-3/syr";"2017-08-04";"language:syr";"2017-08-04"
"ark:/67375/KM1-18WLN5M9-6";"Langues de publication";"und";"Ce jeu correspond au choix de documenter des données ISTEX et plus particulièrement les langues de publication utilisées dans ISTEX. Chaque code langue a fait l’objet d’un alignement avec les services proposés par lexvo.org";"http://www.loc.gov/standards/iso639-2/php/code_list.php";"/api/run/syndication";"indéterminé";"https://docs.google.com/drawings/d/1cX_Tro42YlOTYWBR-LkrI6e6nhBxzFZ3oZx9iM3drv8/pub?w=960&h=720";"";"https://www.etalab.gouv.fr/licence-ouverte-open-licence";"";"Inist-CNRS";"https://www.rero.ch/page.php?section=aacr2&pageid=annexe_";"Plateforme ISTEX";"http://lexvo.org/id/iso639-3/und";"2017-08-04";"language:und";"2017-08-04"
"ark:/67375/KM1-1KC7LKZQ-L";"Langues de publication";"may";"Ce jeu correspond au choix de documenter des données ISTEX et plus particulièrement les langues de publication utilisées dans ISTEX. Chaque code langue a fait l’objet d’un alignement avec les services proposés par lexvo.org";"http://www.loc.gov/standards/iso639-2/php/code_list.php";"/api/run/syndication";"malais";"https://docs.google.com/drawings/d/1cX_Tro42YlOTYWBR-LkrI6e6nhBxzFZ3oZx9iM3drv8/pub?w=960&h=720";"A macrolanguage of Malaysia";"https://www.etalab.gouv.fr/licence-ouverte-open-licence";"";"Inist-CNRS";"https://www.rero.ch/page.php?section=aacr2&pageid=annexe_";"Plateforme ISTEX";"http://lexvo.org/id/iso639-3/msa";"2017-08-04";"language:may";"2017-08-04"
"ark:/67375/KM1-1PF3FD4K-D";"Langues de publication";"zxx";"Ce jeu correspond au choix de documenter des données ISTEX et plus particulièrement les langues de publication utilisées dans ISTEX. Chaque code langue a fait l’objet d’un alignement avec les services proposés par lexvo.org";"http://www.loc.gov/standards/iso639-2/php/code_list.php";"/api/run/syndication";"pas de contenu linguistique";"https://docs.google.com/drawings/d/1cX_Tro42YlOTYWBR-LkrI6e6nhBxzFZ3oZx9iM3drv8/pub?w=960&h=720";"";"https://www.etalab.gouv.fr/licence-ouverte-open-licence";"";"Inist-CNRS";"https://www.rero.ch/page.php?section=aacr2&pageid=annexe_";"Plateforme ISTEX";"http://lexvo.org/id/iso639-3/zxx";"2017-08-04";"language:zxx";"2017-08-04"
"ark:/67375/KM1-20X9WD3K-5";"Langues de publication";"per";"Ce jeu correspond au choix de documenter des données ISTEX et plus particulièrement les langues de publication utilisées dans ISTEX. Chaque code langue a fait l’objet d’un alignement avec les services proposés par lexvo.org";"http://www.loc.gov/standards/iso639-2/php/code_list.php";"/api/run/syndication";"persan moderne";"https://docs.google.com/drawings/d/1cX_Tro42YlOTYWBR-LkrI6e6nhBxzFZ3oZx9iM3drv8/pub?w=960&h=720";"A macrolanguage of Iran";"https://www.etalab.gouv.fr/licence-ouverte-open-licence";"farsi ; iranien";"Inist-CNRS";"https://www.rero.ch/page.php?section=aacr2&pageid=annexe_";"Plateforme ISTEX";"http://lexvo.org/id/iso639-3/fas";"2017-08-04";"language:per";"2017-08-04"
"ark:/67375/KM1-34C1ZJVX-G";"Langues de publication";"dut";"Ce jeu correspond au choix de documenter des données ISTEX et plus particulièrement les langues de publication utilisées dans ISTEX. Chaque code langue a fait l’objet d’un alignement avec les services proposés par lexvo.org";"http://www.loc.gov/standards/iso639-2/php/code_list.php";"/api/run/syndication";"néerlandais";"https://docs.google.com/drawings/d/1cX_Tro42YlOTYWBR-LkrI6e6nhBxzFZ3oZx9iM3drv8/pub?w=960&h=720";"A language of Netherlands";"https://www.etalab.gouv.fr/licence-ouverte-open-licence";"flamand ; hollandais";"Inist-CNRS";"https://www.rero.ch/page.php?section=aacr2&pageid=annexe_";"Plateforme ISTEX";"http://lexvo.org/id/iso639-3/nld";"2017-08-04";"language:dut";"2017-08-04"
"ark:/67375/KM1-5WCVG92D-F";"Langues de publication";"ara";"Ce jeu correspond au choix de documenter des données ISTEX et plus particulièrement les langues de publication utilisées dans ISTEX. Chaque code langue a fait l’objet d’un alignement avec les services proposés par lexvo.org";"http://www.loc.gov/standards/iso639-2/php/code_list.php";"/api/run/syndication";"arabe";"https://docs.google.com/drawings/d/1cX_Tro42YlOTYWBR-LkrI6e6nhBxzFZ3oZx9iM3drv8/pub?w=960&h=720";"A macrolanguage of Saudi Arabia";"https://www.etalab.gouv.fr/licence-ouverte-open-licence";"";"Inist-CNRS";"https://www.rero.ch/page.php?section=aacr2&pageid=annexe_";"Plateforme ISTEX";"http://lexvo.org/id/iso639-3/ara";"2017-08-04";"language:ara";"2017-08-04"
"ark:/67375/KM1-6NTDPFXL-1";"Langues de publication";"lat";"Ce jeu correspond au choix de documenter des données ISTEX et plus particulièrement les langues de publication utilisées dans ISTEX. Chaque code langue a fait l’objet d’un alignement avec les services proposés par lexvo.org";"http://www.loc.gov/standards/iso639-2/php/code_list.php";"/api/run/syndication";"latin";"https://docs.google.com/drawings/d/1cX_Tro42YlOTYWBR-LkrI6e6nhBxzFZ3oZx9iM3drv8/pub?w=960&h=720";"A language of Vatican State";"https://www.etalab.gouv.fr/licence-ouverte-open-licence";"";"Inist-CNRS";"https://www.rero.ch/page.php?section=aacr2&pageid=annexe_";"Plateforme ISTEX";"http://lexvo.org/id/iso639-3/lat";"2017-08-04";"language:lat";"2017-08-04"
"ark:/67375/KM1-84H29FR0-B";"Langues de publication";"amh";"Ce jeu correspond au choix de documenter des données ISTEX et plus particulièrement les langues de publication utilisées dans ISTEX. Chaque code langue a fait l’objet d’un alignement avec les services proposés par lexvo.org";"http://www.loc.gov/standards/iso639-2/php/code_list.php";"/api/run/syndication";"amharique";"https://docs.google.com/drawings/d/1cX_Tro42YlOTYWBR-LkrI6e6nhBxzFZ3oZx9iM3drv8/pub?w=960&h=720";"A language of Ethiopia";"https://www.etalab.gouv.fr/licence-ouverte-open-licence";"";"Inist-CNRS";"https://www.rero.ch/page.php?section=aacr2&pageid=annexe_";"Plateforme ISTEX";"http://lexvo.org/id/iso639-3/amh";"2017-08-04";"language:amh";"2017-08-04"
"ark:/67375/KM1-8CSL2N1N-8";"Langues de publication";"por";"Ce jeu correspond au choix de documenter des données ISTEX et plus particulièrement les langues de publication utilisées dans ISTEX. Chaque code langue a fait l’objet d’un alignement avec les services proposés par lexvo.org";"http://www.loc.gov/standards/iso639-2/php/code_list.php";"/api/run/syndication";"portugais";"https://docs.google.com/drawings/d/1cX_Tro42YlOTYWBR-LkrI6e6nhBxzFZ3oZx9iM3drv8/pub?w=960&h=720";"A language of Portugal";"https://www.etalab.gouv.fr/licence-ouverte-open-licence";"";"Inist-CNRS";"https://www.rero.ch/page.php?section=aacr2&pageid=annexe_";"Plateforme ISTEX";"http://lexvo.org/id/iso639-3/por";"2017-08-04";"language:por";"2017-08-04"
"ark:/67375/KM1-8DN2KC6B-6";"Langues de publication";"arc";"Ce jeu correspond au choix de documenter des données ISTEX et plus particulièrement les langues de publication utilisées dans ISTEX. Chaque code langue a fait l’objet d’un alignement avec les services proposés par lexvo.org";"http://www.loc.gov/standards/iso639-2/php/code_list.php";"/api/run/syndication";"araméen d'empire";"https://docs.google.com/drawings/d/1cX_Tro42YlOTYWBR-LkrI6e6nhBxzFZ3oZx9iM3drv8/pub?w=960&h=720";"";"https://www.etalab.gouv.fr/licence-ouverte-open-licence";"chaldéen";"Inist-CNRS";"https://www.rero.ch/page.php?section=aacr2&pageid=annexe_";"Plateforme ISTEX";"http://lexvo.org/id/iso639-3/arc";"2017-08-04";"language:arc";"2017-08-04"
"ark:/67375/KM1-938FXQ0S-V";"Langues de publication";"peo";"Ce jeu correspond au choix de documenter des données ISTEX et plus particulièrement les langues de publication utilisées dans ISTEX. Chaque code langue a fait l’objet d’un alignement avec les services proposés par lexvo.org";"http://www.loc.gov/standards/iso639-2/php/code_list.php";"/api/run/syndication";"persan ancien";"https://docs.google.com/drawings/d/1cX_Tro42YlOTYWBR-LkrI6e6nhBxzFZ3oZx9iM3drv8/pub?w=960&h=720";"";"https://www.etalab.gouv.fr/licence-ouverte-open-licence";"perse, vieux (ca. 600-400 av. J.-C.)";"Inist-CNRS";"https://www.rero.ch/page.php?section=aacr2&pageid=annexe_";"Plateforme ISTEX";"http://lexvo.org/id/iso639-3/peo";"2017-08-04";"language:peo";"2017-08-04"
"ark:/67375/KM1-C0GSPH43-K";"Langues de publication";"ang";"Ce jeu correspond au choix de documenter des données ISTEX et plus particulièrement les langues de publication utilisées dans ISTEX. Chaque code langue a fait l’objet d’un alignement avec les services proposés par lexvo.org";"http://www.loc.gov/standards/iso639-2/php/code_list.php";"/api/run/syndication";"anglo-saxon";"https://docs.google.com/drawings/d/1cX_Tro42YlOTYWBR-LkrI6e6nhBxzFZ3oZx9iM3drv8/pub?w=960&h=720";"";"https://www.etalab.gouv.fr/licence-ouverte-open-licence";"";"Inist-CNRS";"https://www.rero.ch/page.php?section=aacr2&pageid=annexe_";"Plateforme ISTEX";"http://lexvo.org/id/iso639-3/ang";"2017-08-04";"language:ang";"2017-08-04"
"ark:/67375/KM1-DG05BQW1-Q";"Langues de publication";"nor";"Ce jeu correspond au choix de documenter des données ISTEX et plus particulièrement les langues de publication utilisées dans ISTEX. Chaque code langue a fait l’objet d’un alignement avec les services proposés par lexvo.org";"http://www.loc.gov/standards/iso639-2/php/code_list.php";"/api/run/syndication";"norvégien";"https://docs.google.com/drawings/d/1cX_Tro42YlOTYWBR-LkrI6e6nhBxzFZ3oZx9iM3drv8/pub?w=960&h=720";"A language of Norway";"https://www.etalab.gouv.fr/licence-ouverte-open-licence";"";"Inist-CNRS";"https://www.rero.ch/page.php?section=aacr2&pageid=annexe_";"Plateforme ISTEX";"http://lexvo.org/id/iso639-3/nor";"2017-08-04";"language:nor";"2017-08-04"
"ark:/67375/KM1-FDFRXRQ2-M";"Langues de publication";"moh";"Ce jeu correspond au choix de documenter des données ISTEX et plus particulièrement les langues de publication utilisées dans ISTEX. Chaque code langue a fait l’objet d’un alignement avec les services proposés par lexvo.org";"http://www.loc.gov/standards/iso639-2/php/code_list.php";"/api/run/syndication";"mohawk";"https://docs.google.com/drawings/d/1cX_Tro42YlOTYWBR-LkrI6e6nhBxzFZ3oZx9iM3drv8/pub?w=960&h=720";"A language of Canada";"https://www.etalab.gouv.fr/licence-ouverte-open-licence";"";"Inist-CNRS";"https://www.rero.ch/page.php?section=aacr2&pageid=annexe_";"Plateforme ISTEX";"http://lexvo.org/id/iso639-3/moh";"2017-08-04";"language:moh";"2017-08-04"
"ark:/67375/KM1-FNPPMN4Q-S";"Langues de publication";"eng";"Ce jeu correspond au choix de documenter des données ISTEX et plus particulièrement les langues de publication utilisées dans ISTEX. Chaque code langue a fait l’objet d’un alignement avec les services proposés par lexvo.org";"http://www.loc.gov/standards/iso639-2/php/code_list.php";"/api/run/syndication";"anglais";"https://docs.google.com/drawings/d/1cX_Tro42YlOTYWBR-LkrI6e6nhBxzFZ3oZx9iM3drv8/pub?w=960&h=720";"A language of United Kingdom";"https://www.etalab.gouv.fr/licence-ouverte-open-licence";"";"Inist-CNRS";"https://www.rero.ch/page.php?section=aacr2&pageid=annexe_";"Plateforme ISTEX";"http://lexvo.org/id/iso639-3/eng";"2017-08-04";"language:eng";"2017-08-04"
"ark:/67375/KM1-G4JK0J8N-5";"Langues de publication";"alg";"Ce jeu correspond au choix de documenter des données ISTEX et plus particulièrement les langues de publication utilisées dans ISTEX. Chaque code langue a fait l’objet d’un alignement avec les services proposés par lexvo.org";"http://www.loc.gov/standards/iso639-2/php/code_list.php";"/api/run/syndication";"algonquin (langues)";"https://docs.google.com/drawings/d/1cX_Tro42YlOTYWBR-LkrI6e6nhBxzFZ3oZx9iM3drv8/pub?w=960&h=720";"A language of Canada";"https://www.etalab.gouv.fr/licence-ouverte-open-licence";"massachusett ;  menomini ; natick";"Inist-CNRS";"https://www.rero.ch/page.php?section=aacr2&pageid=annexe_";"Plateforme ISTEX";"http://lexvo.org/id/iso639-5/alg";"2017-08-04";"language:alg";"2017-08-04"
"ark:/67375/KM1-GG1BCT78-8";"Langues de publication";"tur";"Ce jeu correspond au choix de documenter des données ISTEX et plus particulièrement les langues de publication utilisées dans ISTEX. Chaque code langue a fait l’objet d’un alignement avec les services proposés par lexvo.org";"http://www.loc.gov/standards/iso639-2/php/code_list.php";"/api/run/syndication";"turc";"https://docs.google.com/drawings/d/1cX_Tro42YlOTYWBR-LkrI6e6nhBxzFZ3oZx9iM3drv8/pub?w=960&h=720";"A language of Turkey";"https://www.etalab.gouv.fr/licence-ouverte-open-licence";"";"Inist-CNRS";"https://www.rero.ch/page.php?section=aacr2&pageid=annexe_";"Plateforme ISTEX";"http://lexvo.org/id/iso639-3/tur";"2017-08-04";"language:tur ";"2017-08-04"
"ark:/67375/KM1-GH77R4BR-H";"Langues de publication";"rus";"Ce jeu correspond au choix de documenter des données ISTEX et plus particulièrement les langues de publication utilisées dans ISTEX. Chaque code langue a fait l’objet d’un alignement avec les services proposés par lexvo.org";"http://www.loc.gov/standards/iso639-2/php/code_list.php";"/api/run/syndication";"russe";"https://docs.google.com/drawings/d/1cX_Tro42YlOTYWBR-LkrI6e6nhBxzFZ3oZx9iM3drv8/pub?w=960&h=720";"A language of Russian Federation";"https://www.etalab.gouv.fr/licence-ouverte-open-licence";"";"Inist-CNRS";"https://www.rero.ch/page.php?section=aacr2&pageid=annexe_";"Plateforme ISTEX";"http://lexvo.org/id/iso639-3/rus";"2017-08-04";"language:rus";"2017-08-04"
"ark:/67375/KM1-H2GK682S-2";"Langues de publication";"lit";"Ce jeu correspond au choix de documenter des données ISTEX et plus particulièrement les langues de publication utilisées dans ISTEX. Chaque code langue a fait l’objet d’un alignement avec les services proposés par lexvo.org";"http://www.loc.gov/standards/iso639-2/php/code_list.php";"/api/run/syndication";"lituanien";"https://docs.google.com/drawings/d/1cX_Tro42YlOTYWBR-LkrI6e6nhBxzFZ3oZx9iM3drv8/pub?w=960&h=720";"A language of Lithuania";"https://www.etalab.gouv.fr/licence-ouverte-open-licence";"";"Inist-CNRS";"https://www.rero.ch/page.php?section=aacr2&pageid=annexe_";"Plateforme ISTEX";"http://lexvo.org/id/iso639-3/lit";"2017-08-04";"language:lit";"2017-08-04"
"ark:/67375/KM1-H7W308NK-K";"Langues de publication";"arm";"Ce jeu correspond au choix de documenter des données ISTEX et plus particulièrement les langues de publication utilisées dans ISTEX. Chaque code langue a fait l’objet d’un alignement avec les services proposés par lexvo.org";"http://www.loc.gov/standards/iso639-2/php/code_list.php";"/api/run/syndication";"arménien";"https://docs.google.com/drawings/d/1cX_Tro42YlOTYWBR-LkrI6e6nhBxzFZ3oZx9iM3drv8/pub?w=960&h=720";"A language of Armenia";"https://www.etalab.gouv.fr/licence-ouverte-open-licence";"";"Inist-CNRS";"https://www.rero.ch/page.php?section=aacr2&pageid=annexe_";"Plateforme ISTEX";"http://lexvo.org/id/iso639-3/hye";"2017-08-04";"language:arm";"2017-08-04"
"ark:/67375/KM1-HC9KCSB3-N";"Langues de publication";"hun";"Ce jeu correspond au choix de documenter des données ISTEX et plus particulièrement les langues de publication utilisées dans ISTEX. Chaque code langue a fait l’objet d’un alignement avec les services proposés par lexvo.org";"http://www.loc.gov/standards/iso639-2/php/code_list.php";"/api/run/syndication";"hongrois";"https://docs.google.com/drawings/d/1cX_Tro42YlOTYWBR-LkrI6e6nhBxzFZ3oZx9iM3drv8/pub?w=960&h=720";"A language of Hungary";"https://www.etalab.gouv.fr/licence-ouverte-open-licence";"";"Inist-CNRS";"https://www.rero.ch/page.php?section=aacr2&pageid=annexe_";"Plateforme ISTEX";"http://lexvo.org/id/iso639-3/hun";"2017-08-04";"language:hun";"2017-08-04"
"ark:/67375/KM1-HF6X42CK-9";"Langues de publication";"spa";"Ce jeu correspond au choix de documenter des données ISTEX et plus particulièrement les langues de publication utilisées dans ISTEX. Chaque code langue a fait l’objet d’un alignement avec les services proposés par lexvo.org";"http://www.loc.gov/standards/iso639-2/php/code_list.php";"/api/run/syndication";"espagnol";"https://docs.google.com/drawings/d/1cX_Tro42YlOTYWBR-LkrI6e6nhBxzFZ3oZx9iM3drv8/pub?w=960&h=720";"A language of Spain";"https://www.etalab.gouv.fr/licence-ouverte-open-licence";"castillan";"Inist-CNRS";"https://www.rero.ch/page.php?section=aacr2&pageid=annexe_";"Plateforme ISTEX";"http://lexvo.org/id/iso639-3/spa";"2017-08-04";"language:spa";"2017-08-04"
"ark:/67375/KM1-HM09QKQP-X";"Langues de publication";"wel";"Ce jeu correspond au choix de documenter des données ISTEX et plus particulièrement les langues de publication utilisées dans ISTEX. Chaque code langue a fait l’objet d’un alignement avec les services proposés par lexvo.org";"http://www.loc.gov/standards/iso639-2/php/code_list.php";"/api/run/syndication";"gallois";"https://docs.google.com/drawings/d/1cX_Tro42YlOTYWBR-LkrI6e6nhBxzFZ3oZx9iM3drv8/pub?w=960&h=720";"A language of United Kingdom";"https://www.etalab.gouv.fr/licence-ouverte-open-licence";"";"Inist-CNRS";"https://www.rero.ch/page.php?section=aacr2&pageid=annexe_";"Plateforme ISTEX";"http://lexvo.org/id/iso639-3/cym";"2017-08-04";"language:wel";"2017-08-04"
"ark:/67375/KM1-J0G3WX1D-M";"Langues de publication";"gre";"Ce jeu correspond au choix de documenter des données ISTEX et plus particulièrement les langues de publication utilisées dans ISTEX. Chaque code langue a fait l’objet d’un alignement avec les services proposés par lexvo.org";"http://www.loc.gov/standards/iso639-2/php/code_list.php";"/api/run/syndication";"grec moderne";"https://docs.google.com/drawings/d/1cX_Tro42YlOTYWBR-LkrI6e6nhBxzFZ3oZx9iM3drv8/pub?w=960&h=720";"A language of Greece";"https://www.etalab.gouv.fr/licence-ouverte-open-licence";"(après 1453)";"Inist-CNRS";"https://www.rero.ch/page.php?section=aacr2&pageid=annexe_";"Plateforme ISTEX";"http://lexvo.org/id/iso639-3/ell";"2017-08-04";"language:gre";"2017-08-04"
"ark:/67375/KM1-JKN9959K-1";"Langues de publication";"heb";"Ce jeu correspond au choix de documenter des données ISTEX et plus particulièrement les langues de publication utilisées dans ISTEX. Chaque code langue a fait l’objet d’un alignement avec les services proposés par lexvo.org";"http://www.loc.gov/standards/iso639-2/php/code_list.php";"/api/run/syndication";"hébreu";"https://docs.google.com/drawings/d/1cX_Tro42YlOTYWBR-LkrI6e6nhBxzFZ3oZx9iM3drv8/pub?w=960&h=720";"A language of Israel";"https://www.etalab.gouv.fr/licence-ouverte-open-licence";"";"Inist-CNRS";"https://www.rero.ch/page.php?section=aacr2&pageid=annexe_";"Plateforme ISTEX";"http://lexvo.org/id/iso639-3/heb";"2017-08-04";"language:heb";"2017-08-04"
"ark:/67375/KM1-KJ0TKW0T-K";"Langues de publication";"cze";"Ce jeu correspond au choix de documenter des données ISTEX et plus particulièrement les langues de publication utilisées dans ISTEX. Chaque code langue a fait l’objet d’un alignement avec les services proposés par lexvo.org";"http://www.loc.gov/standards/iso639-2/php/code_list.php";"/api/run/syndication";"tchèque";"https://docs.google.com/drawings/d/1cX_Tro42YlOTYWBR-LkrI6e6nhBxzFZ3oZx9iM3drv8/pub?w=960&h=720";"A language of Czech Republic";"https://www.etalab.gouv.fr/licence-ouverte-open-licence";"";"Inist-CNRS";"https://www.rero.ch/page.php?section=aacr2&pageid=annexe_";"Plateforme ISTEX";"http://lexvo.org/id/iso639-3/ces";"2017-08-04";"language:cze";"2017-08-04"
"ark:/67375/KM1-KJLCWBPX-2";"Langues de publication";"swe";"Ce jeu correspond au choix de documenter des données ISTEX et plus particulièrement les langues de publication utilisées dans ISTEX. Chaque code langue a fait l’objet d’un alignement avec les services proposés par lexvo.org";"http://www.loc.gov/standards/iso639-2/php/code_list.php";"/api/run/syndication";"suédois";"https://docs.google.com/drawings/d/1cX_Tro42YlOTYWBR-LkrI6e6nhBxzFZ3oZx9iM3drv8/pub?w=960&h=720";"A language of Sweden";"https://www.etalab.gouv.fr/licence-ouverte-open-licence";"";"Inist-CNRS";"https://www.rero.ch/page.php?section=aacr2&pageid=annexe_";"Plateforme ISTEX";"http://lexvo.org/id/iso639-3/swe";"2017-08-04";"language:swe";"2017-08-04"
"ark:/67375/KM1-L0JRN0RS-8";"Langues de publication";"chi";"Ce jeu correspond au choix de documenter des données ISTEX et plus particulièrement les langues de publication utilisées dans ISTEX. Chaque code langue a fait l’objet d’un alignement avec les services proposés par lexvo.org";"http://www.loc.gov/standards/iso639-2/php/code_list.php";"/api/run/syndication";"chinois";"https://docs.google.com/drawings/d/1cX_Tro42YlOTYWBR-LkrI6e6nhBxzFZ3oZx9iM3drv8/pub?w=960&h=720";"A macrolanguage of China";"https://www.etalab.gouv.fr/licence-ouverte-open-licence";"";"Inist-CNRS";"https://www.rero.ch/page.php?section=aacr2&pageid=annexe_";"Plateforme ISTEX";"http://lexvo.org/id/iso639-3/zho";"2017-08-04";"language:chi";"2017-08-04"
"ark:/67375/KM1-LBQ7PL2M-2";"Langues de publication";"frm";"Ce jeu correspond au choix de documenter des données ISTEX et plus particulièrement les langues de publication utilisées dans ISTEX. Chaque code langue a fait l’objet d’un alignement avec les services proposés par lexvo.org";"http://www.loc.gov/standards/iso639-2/php/code_list.php";"/api/run/syndication";"français moyen";"https://docs.google.com/drawings/d/1cX_Tro42YlOTYWBR-LkrI6e6nhBxzFZ3oZx9iM3drv8/pub?w=960&h=720";"";"https://www.etalab.gouv.fr/licence-ouverte-open-licence";"(1400-1600)";"Inist-CNRS";"https://www.rero.ch/page.php?section=aacr2&pageid=annexe_";"Plateforme ISTEX";"http://lexvo.org/id/iso639-3/frm";"2017-08-04";"language:frm";"2017-08-04"
"ark:/67375/KM1-LFP2JRM0-7";"Langues de publication";"roa";"Ce jeu correspond au choix de documenter des données ISTEX et plus particulièrement les langues de publication utilisées dans ISTEX. Chaque code langue a fait l’objet d’un alignement avec les services proposés par lexvo.org";"http://www.loc.gov/standards/iso639-2/php/code_list.php";"/api/run/syndication";"romanes (langues)";"https://docs.google.com/drawings/d/1cX_Tro42YlOTYWBR-LkrI6e6nhBxzFZ3oZx9iM3drv8/pub?w=960&h=720";"";"https://www.etalab.gouv.fr/licence-ouverte-open-licence";"espagnol, vieil (avant 1500)";"Inist-CNRS";"https://www.rero.ch/page.php?section=aacr2&pageid=annexe_";"Plateforme ISTEX";"http://lexvo.org/id/iso639-5/roa";"2017-08-04";"language:roa";"2017-08-04"
"ark:/67375/KM1-LK8GGW6D-H";"Langues de publication";"gmh";"Ce jeu correspond au choix de documenter des données ISTEX et plus particulièrement les langues de publication utilisées dans ISTEX. Chaque code langue a fait l’objet d’un alignement avec les services proposés par lexvo.org";"http://www.loc.gov/standards/iso639-2/php/code_list.php";"/api/run/syndication";"allemand, moyen haut";"https://docs.google.com/drawings/d/1cX_Tro42YlOTYWBR-LkrI6e6nhBxzFZ3oZx9iM3drv8/pub?w=960&h=720";"";"https://www.etalab.gouv.fr/licence-ouverte-open-licence";"(ca. 1050-1500) ; francique, moyen ; Mittelhochdeutsch";"Inist-CNRS";"https://www.rero.ch/page.php?section=aacr2&pageid=annexe_";"Plateforme ISTEX";"http://lexvo.org/id/iso639-3/gmh";"2017-08-04";"language:gmh";"2017-08-04"
"ark:/67375/KM1-LSSGQ5LG-Z";"Langues de publication";"nai";"Ce jeu correspond au choix de documenter des données ISTEX et plus particulièrement les langues de publication utilisées dans ISTEX. Chaque code langue a fait l’objet d’un alignement avec les services proposés par lexvo.org";"http://www.loc.gov/standards/iso639-2/php/code_list.php";"/api/run/syndication";"nord-améridien (langues)";"https://docs.google.com/drawings/d/1cX_Tro42YlOTYWBR-LkrI6e6nhBxzFZ3oZx9iM3drv8/pub?w=960&h=720";"A language of Papua New Guinea";"https://www.etalab.gouv.fr/licence-ouverte-open-licence";"indiennes d'Amérique du Nord, autres langues ; atakapa
chitimacha ;
tunica ;
yuki";"Inist-CNRS";"https://www.rero.ch/page.php?section=aacr2&pageid=annexe_";"Plateforme ISTEX";"http://lexvo.org/id/iso639-5/nai";"2017-08-04";"language:nai";"2017-08-04"
"ark:/67375/KM1-M0JKRCZZ-8";"Langues de publication";"fre";"Ce jeu correspond au choix de documenter des données ISTEX et plus particulièrement les langues de publication utilisées dans ISTEX. Chaque code langue a fait l’objet d’un alignement avec les services proposés par lexvo.org";"http://www.loc.gov/standards/iso639-2/php/code_list.php";"/api/run/syndication";"français";"https://docs.google.com/drawings/d/1cX_Tro42YlOTYWBR-LkrI6e6nhBxzFZ3oZx9iM3drv8/pub?w=960&h=720";"A language of France";"https://www.etalab.gouv.fr/licence-ouverte-open-licence";"";"Inist-CNRS";"https://www.rero.ch/page.php?section=aacr2&pageid=annexe_";"Plateforme ISTEX";"http://lexvo.org/id/iso639-3/fra";"2017-08-04";"language:fre";"2017-08-04"
"ark:/67375/KM1-MGCCTQFJ-R";"Langues de publication";"dan";"Ce jeu correspond au choix de documenter des données ISTEX et plus particulièrement les langues de publication utilisées dans ISTEX. Chaque code langue a fait l’objet d’un alignement avec les services proposés par lexvo.org";"http://www.loc.gov/standards/iso639-2/php/code_list.php";"/api/run/syndication";"danois";"https://docs.google.com/drawings/d/1cX_Tro42YlOTYWBR-LkrI6e6nhBxzFZ3oZx9iM3drv8/pub?w=960&h=720";"A language of Denmark";"https://www.etalab.gouv.fr/licence-ouverte-open-licence";"";"Inist-CNRS";"https://www.rero.ch/page.php?section=aacr2&pageid=annexe_";"Plateforme ISTEX";"http://lexvo.org/id/iso639-3/dan";"2017-08-04";"language:dan";"2017-08-04"
"ark:/67375/KM1-MN0TCV8Z-K";"Langues de publication";"und";"Ce jeu correspond au choix de documenter des données ISTEX et plus particulièrement les langues de publication utilisées dans ISTEX. Chaque code langue a fait l’objet d’un alignement avec les services proposés par lexvo.org";"http://www.loc.gov/standards/iso639-2/php/code_list.php";"/api/run/syndication";"inconnu";"https://docs.google.com/drawings/d/1cX_Tro42YlOTYWBR-LkrI6e6nhBxzFZ3oZx9iM3drv8/pub?w=960&h=720";"";"https://www.etalab.gouv.fr/licence-ouverte-open-licence";"";"Inist-CNRS";"https://www.rero.ch/page.php?section=aacr2&pageid=annexe_";"Plateforme ISTEX";"http://lexvo.org/id/iso639-3/und";"2017-08-04";"language:und";"2017-08-04"
"ark:/67375/KM1-MQ7GMLLN-B";"Langues de publication";"sco";"Ce jeu correspond au choix de documenter des données ISTEX et plus particulièrement les langues de publication utilisées dans ISTEX. Chaque code langue a fait l’objet d’un alignement avec les services proposés par lexvo.org";"http://www.loc.gov/standards/iso639-2/php/code_list.php";"/api/run/syndication";"écossais";"https://docs.google.com/drawings/d/1cX_Tro42YlOTYWBR-LkrI6e6nhBxzFZ3oZx9iM3drv8/pub?w=960&h=720";"A language of United Kingdom";"https://www.etalab.gouv.fr/licence-ouverte-open-licence";"(gaélique)";"Inist-CNRS";"https://www.rero.ch/page.php?section=aacr2&pageid=annexe_";"Plateforme ISTEX";"http://lexvo.org/id/iso639-3/sco";"2017-08-04";"language:sco";"2017-08-04"
"ark:/67375/KM1-MZ5PQ8KG-N";"Langues de publication";"glv";"Ce jeu correspond au choix de documenter des données ISTEX et plus particulièrement les langues de publication utilisées dans ISTEX. Chaque code langue a fait l’objet d’un alignement avec les services proposés par lexvo.org";"http://www.loc.gov/standards/iso639-2/php/code_list.php";"/api/run/syndication";"mannois";"https://docs.google.com/drawings/d/1cX_Tro42YlOTYWBR-LkrI6e6nhBxzFZ3oZx9iM3drv8/pub?w=960&h=720";"A language of Isle of Man";"https://www.etalab.gouv.fr/licence-ouverte-open-licence";"manx";"Inist-CNRS";"https://www.rero.ch/page.php?section=aacr2&pageid=annexe_";"Plateforme ISTEX";"http://lexvo.org/id/iso639-3/glv";"2017-08-04";"language:glv";"2017-08-04"
"ark:/67375/KM1-NFNHT2GQ-0";"Langues de publication";"new";"Ce jeu correspond au choix de documenter des données ISTEX et plus particulièrement les langues de publication utilisées dans ISTEX. Chaque code langue a fait l’objet d’un alignement avec les services proposés par lexvo.org";"http://www.loc.gov/standards/iso639-2/php/code_list.php";"/api/run/syndication";"nepal bhasa";"https://docs.google.com/drawings/d/1cX_Tro42YlOTYWBR-LkrI6e6nhBxzFZ3oZx9iM3drv8/pub?w=960&h=720";"A language of Nepal";"https://www.etalab.gouv.fr/licence-ouverte-open-licence";"";"Inist-CNRS";"https://www.rero.ch/page.php?section=aacr2&pageid=annexe_";"Plateforme ISTEX";"http://lexvo.org/id/iso639-3/new";"2017-08-04";"language:new";"2017-08-04"
"ark:/67375/KM1-PPJ6SHVV-N";"Langues de publication";"pol";"Ce jeu correspond au choix de documenter des données ISTEX et plus particulièrement les langues de publication utilisées dans ISTEX. Chaque code langue a fait l’objet d’un alignement avec les services proposés par lexvo.org";"http://www.loc.gov/standards/iso639-2/php/code_list.php";"/api/run/syndication";"polonais";"https://docs.google.com/drawings/d/1cX_Tro42YlOTYWBR-LkrI6e6nhBxzFZ3oZx9iM3drv8/pub?w=960&h=720";"A language of Poland";"https://www.etalab.gouv.fr/licence-ouverte-open-licence";"";"Inist-CNRS";"https://www.rero.ch/page.php?section=aacr2&pageid=annexe_";"Plateforme ISTEX";"http://lexvo.org/id/iso639-3/pol";"2017-08-04";"language:pol";"2017-08-04"
"ark:/67375/KM1-PRS7SLWG-5";"Langues de publication";"gle";"Ce jeu correspond au choix de documenter des données ISTEX et plus particulièrement les langues de publication utilisées dans ISTEX. Chaque code langue a fait l’objet d’un alignement avec les services proposés par lexvo.org";"http://www.loc.gov/standards/iso639-2/php/code_list.php";"/api/run/syndication";"irlandais";"https://docs.google.com/drawings/d/1cX_Tro42YlOTYWBR-LkrI6e6nhBxzFZ3oZx9iM3drv8/pub?w=960&h=720";"A language of Ireland";"https://www.etalab.gouv.fr/licence-ouverte-open-licence";"gaélique d'Irlande";"Inist-CNRS";"https://www.rero.ch/page.php?section=aacr2&pageid=annexe_";"Plateforme ISTEX";"http://lexvo.org/id/iso639-3/gle";"2017-08-04";"language:gle";"2017-08-04"
"ark:/67375/KM1-Q5S2H6CK-K";"Langues de publication";"cat";"Ce jeu correspond au choix de documenter des données ISTEX et plus particulièrement les langues de publication utilisées dans ISTEX. Chaque code langue a fait l’objet d’un alignement avec les services proposés par lexvo.org";"http://www.loc.gov/standards/iso639-2/php/code_list.php";"/api/run/syndication";"catalan";"https://docs.google.com/drawings/d/1cX_Tro42YlOTYWBR-LkrI6e6nhBxzFZ3oZx9iM3drv8/pub?w=960&h=720";"A language of Spain";"https://www.etalab.gouv.fr/licence-ouverte-open-licence";"valencien";"Inist-CNRS";"https://www.rero.ch/page.php?section=aacr2&pageid=annexe_";"Plateforme ISTEX";"http://lexvo.org/id/iso639-3/cat";"2017-08-04";"language:cat";"2017-08-04"
"ark:/67375/KM1-QJ604MFQ-S";"Langues de publication";"san";"Ce jeu correspond au choix de documenter des données ISTEX et plus particulièrement les langues de publication utilisées dans ISTEX. Chaque code langue a fait l’objet d’un alignement avec les services proposés par lexvo.org";"http://www.loc.gov/standards/iso639-2/php/code_list.php";"/api/run/syndication";"sanskrit";"https://docs.google.com/drawings/d/1cX_Tro42YlOTYWBR-LkrI6e6nhBxzFZ3oZx9iM3drv8/pub?w=960&h=720";"A language of India";"https://www.etalab.gouv.fr/licence-ouverte-open-licence";"";"Inist-CNRS";"https://www.rero.ch/page.php?section=aacr2&pageid=annexe_";"Plateforme ISTEX";"http://lexvo.org/id/iso639-3/san";"2017-08-04";"language:san ";"2017-08-04"
"ark:/67375/KM1-R00T3GVF-H";"Langues de publication";"fro";"Ce jeu correspond au choix de documenter des données ISTEX et plus particulièrement les langues de publication utilisées dans ISTEX. Chaque code langue a fait l’objet d’un alignement avec les services proposés par lexvo.org";"http://www.loc.gov/standards/iso639-2/php/code_list.php";"/api/run/syndication";"français ancien";"https://docs.google.com/drawings/d/1cX_Tro42YlOTYWBR-LkrI6e6nhBxzFZ3oZx9iM3drv8/pub?w=960&h=720";"";"https://www.etalab.gouv.fr/licence-ouverte-open-licence";"(842-ca. 1400)";"Inist-CNRS";"https://www.rero.ch/page.php?section=aacr2&pageid=annexe_";"Plateforme ISTEX";"http://lexvo.org/id/iso639-3/fro";"2017-08-04";"language:fro";"2017-08-04"
"ark:/67375/KM1-R5C6GCHR-S";"Langues de publication";"mul";"Ce jeu correspond au choix de documenter des données ISTEX et plus particulièrement les langues de publication utilisées dans ISTEX. Chaque code langue a fait l’objet d’un alignement avec les services proposés par lexvo.org";"http://www.loc.gov/standards/iso639-2/php/code_list.php";"/api/run/syndication";"multilingue";"https://docs.google.com/drawings/d/1cX_Tro42YlOTYWBR-LkrI6e6nhBxzFZ3oZx9iM3drv8/pub?w=960&h=720";"";"https://www.etalab.gouv.fr/licence-ouverte-open-licence";"Le document contient plus de 6 langues.";"Inist-CNRS";"https://www.rero.ch/page.php?section=aacr2&pageid=annexe_";"Plateforme ISTEX";"http://lexvo.org/id/iso639-3/mul";"2017-08-04";"language:mul";"2017-08-04"
"ark:/67375/KM1-RMQM2PRR-5";"Langues de publication";"glg";"Ce jeu correspond au choix de documenter des données ISTEX et plus particulièrement les langues de publication utilisées dans ISTEX. Chaque code langue a fait l’objet d’un alignement avec les services proposés par lexvo.org";"http://www.loc.gov/standards/iso639-2/php/code_list.php";"/api/run/syndication";"galicien";"https://docs.google.com/drawings/d/1cX_Tro42YlOTYWBR-LkrI6e6nhBxzFZ3oZx9iM3drv8/pub?w=960&h=720";"A language of Spain";"https://www.etalab.gouv.fr/licence-ouverte-open-licence";"";"Inist-CNRS";"https://www.rero.ch/page.php?section=aacr2&pageid=annexe_";"Plateforme ISTEX";"http://lexvo.org/id/iso639-3/glg";"2017-08-04";"language:glg";"2017-08-04"
"ark:/67375/KM1-RP2M5HSN-W";"Langues de publication";"grc";"Ce jeu correspond au choix de documenter des données ISTEX et plus particulièrement les langues de publication utilisées dans ISTEX. Chaque code langue a fait l’objet d’un alignement avec les services proposés par lexvo.org";"http://www.loc.gov/standards/iso639-2/php/code_list.php";"/api/run/syndication";"grec ancien";"https://docs.google.com/drawings/d/1cX_Tro42YlOTYWBR-LkrI6e6nhBxzFZ3oZx9iM3drv8/pub?w=960&h=720";"A language of Greece";"https://www.etalab.gouv.fr/licence-ouverte-open-licence";"(jusqu'à 1453) ; chypriote ; cypriote ; linéaire B ; mycénien


";"Inist-CNRS";"https://www.rero.ch/page.php?section=aacr2&pageid=annexe_";"Plateforme ISTEX";"http://lexvo.org/id/iso639-3/grc";"2017-08-04";"language:grc";"2017-08-04"
"ark:/67375/KM1-SHZ5J37V-C";"Langues de publication";"ita";"Ce jeu correspond au choix de documenter des données ISTEX et plus particulièrement les langues de publication utilisées dans ISTEX. Chaque code langue a fait l’objet d’un alignement avec les services proposés par lexvo.org";"http://www.loc.gov/standards/iso639-2/php/code_list.php";"/api/run/syndication";"italien";"https://docs.google.com/drawings/d/1cX_Tro42YlOTYWBR-LkrI6e6nhBxzFZ3oZx9iM3drv8/pub?w=960&h=720";"A language of Italy";"https://www.etalab.gouv.fr/licence-ouverte-open-licence";"";"Inist-CNRS";"https://www.rero.ch/page.php?section=aacr2&pageid=annexe_";"Plateforme ISTEX";"http://lexvo.org/id/iso639-3/ita";"2017-08-04";"language:ita";"2017-08-04"
"ark:/67375/KM1-TCR51285-G";"Langues de publication";"pal";"Ce jeu correspond au choix de documenter des données ISTEX et plus particulièrement les langues de publication utilisées dans ISTEX. Chaque code langue a fait l’objet d’un alignement avec les services proposés par lexvo.org";"http://www.loc.gov/standards/iso639-2/php/code_list.php";"/api/run/syndication";"pahlavi";"https://docs.google.com/drawings/d/1cX_Tro42YlOTYWBR-LkrI6e6nhBxzFZ3oZx9iM3drv8/pub?w=960&h=720";"";"https://www.etalab.gouv.fr/licence-ouverte-open-licence";"pehlevi";"Inist-CNRS";"https://www.rero.ch/page.php?section=aacr2&pageid=annexe_";"Plateforme ISTEX";"http://lexvo.org/id/iso639-3/pal";"2017-08-04";"language:pal";"2017-08-04"
"ark:/67375/KM1-TK23H29K-X";"Langues de publication";"gla";"Ce jeu correspond au choix de documenter des données ISTEX et plus particulièrement les langues de publication utilisées dans ISTEX. Chaque code langue a fait l’objet d’un alignement avec les services proposés par lexvo.org";"http://www.loc.gov/standards/iso639-2/php/code_list.php";"/api/run/syndication";"gaélique";"https://docs.google.com/drawings/d/1cX_Tro42YlOTYWBR-LkrI6e6nhBxzFZ3oZx9iM3drv8/pub?w=960&h=720";"A language of United Kingdom";"https://www.etalab.gouv.fr/licence-ouverte-open-licence";"écossais (gaélique) ; gaélique d'Ecosse ; gaélique écossais";"Inist-CNRS";"https://www.rero.ch/page.php?section=aacr2&pageid=annexe_";"Plateforme ISTEX";"http://lexvo.org/id/iso639-3/gla";"2017-08-04";"language:gla";"2017-08-04"
"ark:/67375/KM1-VGPXBWPK-P";"Langues de publication";"ger";"Ce jeu correspond au choix de documenter des données ISTEX et plus particulièrement les langues de publication utilisées dans ISTEX. Chaque code langue a fait l’objet d’un alignement avec les services proposés par lexvo.org";"http://www.loc.gov/standards/iso639-2/php/code_list.php";"/api/run/syndication";"allemand";"https://docs.google.com/drawings/d/1cX_Tro42YlOTYWBR-LkrI6e6nhBxzFZ3oZx9iM3drv8/pub?w=960&h=720";"A language of Germany";"https://www.etalab.gouv.fr/licence-ouverte-open-licence";"alsacien ; allemand, nouvel haut ; Frühneuhochdeutsch";"Inist-CNRS";"https://www.rero.ch/page.php?section=aacr2&pageid=annexe_";"Plateforme ISTEX";"http://lexvo.org/id/iso639-3/deu";"2017-08-04";"language:ger";"2017-08-04"
